RunID,StartTime
Run_1,2024-10-15 23:56:59
Run_2,2024-10-16 00:01:47
Run_3,2024-10-16 00:03:05
Run_4,2024-10-16 00:03:34
Run_5,2024-10-16 00:09:44
Run_6,2024-10-16 10:12:25
Run_7,2024-10-16 10:13:18
Run_8,2024-10-16 10:13:44
Run_9,2024-10-16 10:14:13
Run_10,2024-10-16 10:15:26
Run_11,2024-10-16 10:27:03
Run_12,2024-10-16 10:29:02
Run_13,2024-10-16 10:29:31
Run_14,2024-10-16 10:34:17
Run_15,2024-10-16 10:35:55
Run_16,2024-10-16 10:36:18
Run_17,2024-10-16 12:11:10
Run_18,2024-10-16 12:13:23
Run_19,2024-10-16 12:16:26
Run_20,2024-10-16 12:17:14
Run_21,2024-10-16 12:19:02
Run_22,2024-10-16 12:32:57
Run_23,2024-10-16 12:36:34
Run_24,2024-10-16 12:41:03
Run_25,2024-10-16 12:46:03
Run_26,2024-10-16 12:47:13
Run_27,2024-10-16 12:47:41
Run_28,2024-10-16 12:50:06
Run_29,2024-10-16 12:54:05
Run_30,2024-10-16 12:59:37
Run_31,2024-10-16 13:03:08
Run_32,2024-10-18 11:19:30
Run_33,2024-10-18 18:48:33
Run_34,2024-10-18 18:51:02
Run_35,2024-10-18 18:53:24
Run_36,2024-10-18 18:56:42
Run_37,2024-10-18 19:29:54
Run_38,2024-10-18 19:33:00
Run_39,2024-10-18 19:34:48
Run_40,2024-10-18 19:36:46
Run_41,2024-10-18 19:37:07
Run_42,2024-10-18 19:38:05
Run_43,2024-10-18 19:39:43
Run_44,2024-10-18 19:42:36
Run_45,2024-10-18 19:43:54
Run_46,2024-10-18 19:44:33
Run_47,2024-10-18 19:47:30
Run_48,2024-10-18 19:48:50
Run_49,2024-10-18 19:49:50
Run_50,2024-10-18 19:50:30
Run_51,2024-10-18 19:51:16
Run_52,2024-10-18 19:56:24
Run_53,2024-10-18 19:57:44
Run_54,2024-10-18 19:58:34
Run_55,2024-10-18 20:05:14
Run_56,2024-10-18 20:06:09
Run_57,2024-10-18 20:07:52
Run_58,2024-10-18 20:08:47
Run_59,2024-10-18 20:09:47
Run_60,2024-10-18 20:10:41
Run_61,2024-10-18 20:12:59
Run_62,2024-10-18 20:13:44
Run_63,2024-10-18 22:37:31
Run_64,2024-10-18 22:47:59
Run_65,2024-10-18 22:49:29
Run_66,2024-10-18 22:50:20
Run_67,2024-10-18 22:51:08
Run_68,2024-10-18 22:51:44
Run_69,2024-10-18 22:52:11
Run_70,2024-10-18 22:56:31
Run_71,2024-10-18 23:01:10
Run_72,2024-10-18 23:22:01
Run_73,2024-10-18 23:25:08
Run_74,2024-10-18 23:26:46
Run_75,2024-10-18 23:28:26
Run_76,2024-10-18 23:32:56
Run_77,2024-10-18 23:34:27
Run_78,2024-10-18 23:36:47
Run_79,2024-10-18 23:37:16
Run_80,2024-10-18 23:38:55
Run_81,2024-10-18 23:46:27
Run_82,2024-10-18 23:51:11
Run_83,2024-10-19 00:52:28
Run_84,2024-10-19 00:53:06
Run_85,2024-10-19 00:54:09
Run_86,2024-10-19 01:36:52
Run_87,2024-10-19 01:37:54
Run_88,2024-10-19 01:39:27
Run_89,2024-10-19 03:08:59
Run_90,2024-10-19 03:09:13
Run_91,2024-10-19 03:09:21
Run_92,2024-10-19 03:09:42
Run_93,2024-10-19 03:09:49
Run_94,2024-10-19 03:14:52
Run_95,2024-10-19 03:15:02
Run_96,2024-10-19 03:16:11
Run_97,2024-10-19 03:18:04
Run_98,2024-10-19 20:04:06
